directory,experiment,ppid,session_num,trial_num,block_num,trial_num_in_block,start_time,end_time,targetAngle,type,cursor_rotation,target_vertPos,plane_setting,exp_version,home_x,home_y,home_z,trackerholderobject_movement_filename
reachWithPlane_A/001/S001,reachWithPlane_A,001,1,1,1,1,534.215,557.9626,90,instruction,0,0,none,A,0.2450328,0.950036,0.4208063,trackerholderobject_movement_T001.csv
reachWithPlane_A/001/S001,reachWithPlane_A,001,1,2,2,1,557.9626,559.4705,95,aligned,0,0,none,A,0.2450328,0.950036,0.4208063,trackerholderobject_movement_T002.csv
reachWithPlane_A/001/S001,reachWithPlane_A,001,1,3,2,2,560.382,561.3484,85,aligned,0,0,none,A,0.2450328,0.950036,0.4208063,trackerholderobject_movement_T003.csv
reachWithPlane_A/001/S001,reachWithPlane_A,001,1,4,2,3,562.1705,563.3041,85,aligned,0,0,none,A,0.2450328,0.950036,0.4208063,trackerholderobject_movement_T004.csv
reachWithPlane_A/001/S001,reachWithPlane_A,001,1,5,2,4,564.1819,564.9818,95,aligned,0,0,none,A,0.2450328,0.950036,0.4208063,trackerholderobject_movement_T005.csv
reachWithPlane_A/001/S001,reachWithPlane_A,001,1,6,2,5,565.6817,566.4819,95,aligned,0,0,none,A,0.2450328,0.950036,0.4208063,trackerholderobject_movement_T006.csv
reachWithPlane_A/001/S001,reachWithPlane_A,001,1,7,2,6,567.1376,568.0487,85,aligned,0,0,none,A,0.2450328,0.950036,0.4208063,trackerholderobject_movement_T007.csv
reachWithPlane_A/001/S001,reachWithPlane_A,001,1,8,2,7,568.6261,569.504,85,aligned,0,0,none,A,0.2450328,0.950036,0.4208063,trackerholderobject_movement_T008.csv
reachWithPlane_A/001/S001,reachWithPlane_A,001,1,9,2,8,570.0709,571.0709,95,aligned,0,0,none,A,0.2450328,0.950036,0.4208063,trackerholderobject_movement_T009.csv
reachWithPlane_A/001/S001,reachWithPlane_A,001,1,10,2,9,571.6486,572.6044,85,aligned,0,0,none,A,0.2450328,0.950036,0.4208063,trackerholderobject_movement_T010.csv
reachWithPlane_A/001/S001,reachWithPlane_A,001,1,11,2,10,573.2709,574.1486,95,aligned,0,0,none,A,0.2450328,0.950036,0.4208063,trackerholderobject_movement_T011.csv
reachWithPlane_A/001/S001,reachWithPlane_A,001,1,12,2,11,574.8041,575.7711,95,aligned,0,0,none,A,0.2450328,0.950036,0.4208063,trackerholderobject_movement_T012.csv
reachWithPlane_A/001/S001,reachWithPlane_A,001,1,13,2,12,576.7601,577.5264,85,aligned,0,0,none,A,0.2450328,0.950036,0.4208063,trackerholderobject_movement_T013.csv
reachWithPlane_A/001/S001,reachWithPlane_A,001,1,14,2,13,578.0265,579.1711,95,aligned,0,0,none,A,0.2450328,0.950036,0.4208063,trackerholderobject_movement_T014.csv
reachWithPlane_A/001/S001,reachWithPlane_A,001,1,15,2,14,579.7489,581.2046,85,aligned,0,0,none,A,0.2450328,0.950036,0.4208063,trackerholderobject_movement_T015.csv
reachWithPlane_A/001/S001,reachWithPlane_A,001,1,16,2,15,581.9045,582.7708,95,aligned,0,0,none,A,0.2450328,0.950036,0.4208063,trackerholderobject_movement_T016.csv
reachWithPlane_A/001/S001,reachWithPlane_A,001,1,17,2,16,583.449,584.4712,85,aligned,0,0,none,A,0.2450328,0.950036,0.4208063,trackerholderobject_movement_T017.csv
reachWithPlane_A/001/S001,reachWithPlane_A,001,1,18,2,17,585.0267,586.6487,95,aligned,0,0,none,A,0.2450328,0.950036,0.4208063,trackerholderobject_movement_T018.csv
reachWithPlane_A/001/S001,reachWithPlane_A,001,1,19,2,18,587.2042,588.3823,85,aligned,0,0,none,A,0.2450328,0.950036,0.4208063,trackerholderobject_movement_T019.csv
reachWithPlane_A/001/S001,reachWithPlane_A,001,1,20,2,19,588.9045,589.8601,85,aligned,0,0,none,A,0.2450328,0.950036,0.4208063,trackerholderobject_movement_T020.csv
reachWithPlane_A/001/S001,reachWithPlane_A,001,1,21,2,20,590.4266,591.4045,95,aligned,0,0,none,A,0.2450328,0.950036,0.4208063,trackerholderobject_movement_T021.csv
reachWithPlane_A/001/S001,reachWithPlane_A,001,1,22,2,21,591.9601,593.1045,95,aligned,0,0,none,A,0.2450328,0.950036,0.4208063,trackerholderobject_movement_T022.csv
reachWithPlane_A/001/S001,reachWithPlane_A,001,1,23,2,22,593.6821,594.949,85,aligned,0,0,none,A,0.2450328,0.950036,0.4208063,trackerholderobject_movement_T023.csv
reachWithPlane_A/001/S001,reachWithPlane_A,001,1,24,2,23,595.483,596.5602,85,aligned,0,0,none,A,0.2450328,0.950036,0.4208063,trackerholderobject_movement_T024.csv
reachWithPlane_A/001/S001,reachWithPlane_A,001,1,25,2,24,597.1044,598.2823,95,aligned,0,0,none,A,0.2450328,0.950036,0.4208063,trackerholderobject_movement_T025.csv
reachWithPlane_A/001/S001,reachWithPlane_A,001,1,26,2,25,598.7822,599.849,85,aligned,0,0,none,A,0.2450328,0.950036,0.4208063,trackerholderobject_movement_T026.csv
reachWithPlane_A/001/S001,reachWithPlane_A,001,1,27,2,26,600.3823,601.327,95,aligned,0,0,none,A,0.2450328,0.950036,0.4208063,trackerholderobject_movement_T027.csv
reachWithPlane_A/001/S001,reachWithPlane_A,001,1,28,2,27,601.9267,602.849,95,aligned,0,0,none,A,0.2450328,0.950036,0.4208063,trackerholderobject_movement_T028.csv
reachWithPlane_A/001/S001,reachWithPlane_A,001,1,29,2,28,603.4047,604.3826,85,aligned,0,0,none,A,0.2450328,0.950036,0.4208063,trackerholderobject_movement_T029.csv
reachWithPlane_A/001/S001,reachWithPlane_A,001,1,30,2,29,604.9047,605.9048,85,aligned,0,0,none,A,0.2450328,0.950036,0.4208063,trackerholderobject_movement_T030.csv
reachWithPlane_A/001/S001,reachWithPlane_A,001,1,31,2,30,606.4492,607.4269,95,aligned,0,0,none,A,0.2450328,0.950036,0.4208063,trackerholderobject_movement_T031.csv
reachWithPlane_A/001/S001,reachWithPlane_A,001,1,32,2,31,607.9494,609.0271,95,aligned,0,0,none,A,0.2450328,0.950036,0.4208063,trackerholderobject_movement_T032.csv
reachWithPlane_A/001/S001,reachWithPlane_A,001,1,33,2,32,609.5827,610.5609,85,aligned,0,0,none,A,0.2450328,0.950036,0.4208063,trackerholderobject_movement_T033.csv
reachWithPlane_A/001/S001,reachWithPlane_A,001,1,34,2,33,611.1269,612.1047,85,aligned,0,0,none,A,0.2450328,0.950036,0.4208063,trackerholderobject_movement_T034.csv
reachWithPlane_A/001/S001,reachWithPlane_A,001,1,35,2,34,612.6825,614.3492,95,aligned,0,0,none,A,0.2450328,0.950036,0.4208063,trackerholderobject_movement_T035.csv
reachWithPlane_A/001/S001,reachWithPlane_A,001,1,36,2,35,614.8827,615.8268,95,aligned,0,0,none,A,0.2450328,0.950036,0.4208063,trackerholderobject_movement_T036.csv
reachWithPlane_A/001/S001,reachWithPlane_A,001,1,37,2,36,616.4824,617.3824,85,aligned,0,0,none,A,0.2450328,0.950036,0.4208063,trackerholderobject_movement_T037.csv
reachWithPlane_A/001/S001,reachWithPlane_A,001,1,38,2,37,618.0272,618.9825,85,aligned,0,0,none,A,0.2450328,0.950036,0.4208063,trackerholderobject_movement_T038.csv
reachWithPlane_A/001/S001,reachWithPlane_A,001,1,39,2,38,619.6271,620.7047,95,aligned,0,0,none,A,0.2450328,0.950036,0.4208063,trackerholderobject_movement_T039.csv
reachWithPlane_A/001/S001,reachWithPlane_A,001,1,40,2,39,621.3604,622.5826,85,aligned,0,0,none,A,0.2450328,0.950036,0.4208063,trackerholderobject_movement_T040.csv
reachWithPlane_A/001/S001,reachWithPlane_A,001,1,41,2,40,623.1271,624.3829,95,aligned,0,0,none,A,0.2450328,0.950036,0.4208063,trackerholderobject_movement_T041.csv
reachWithPlane_A/001/S001,reachWithPlane_A,001,1,42,3,1,625.0051,625.627,140,nocursor,0,0,none,A,0.2450328,0.950036,0.4208063,trackerholderobject_movement_T042.csv
reachWithPlane_A/001/S001,reachWithPlane_A,001,1,43,3,2,626.7048,627.2271,120,nocursor,0,0,none,A,0.2450328,0.950036,0.4208063,trackerholderobject_movement_T043.csv
reachWithPlane_A/001/S001,reachWithPlane_A,001,1,44,3,3,628.0493,628.5826,40,nocursor,0,0,none,A,0.2450328,0.950036,0.4208063,trackerholderobject_movement_T044.csv
reachWithPlane_A/001/S001,reachWithPlane_A,001,1,45,3,4,629.3492,629.8493,100,nocursor,0,0,none,A,0.2450328,0.950036,0.4208063,trackerholderobject_movement_T045.csv
reachWithPlane_A/001/S001,reachWithPlane_A,001,1,46,3,5,630.627,631.1492,60,nocursor,0,0,none,A,0.2450328,0.950036,0.4208063,trackerholderobject_movement_T046.csv
reachWithPlane_A/001/S001,reachWithPlane_A,001,1,47,3,6,631.8492,632.3826,80,nocursor,0,0,none,A,0.2450328,0.950036,0.4208063,trackerholderobject_movement_T047.csv
reachWithPlane_A/001/S001,reachWithPlane_A,001,1,48,3,7,633.0826,633.5494,120,nocursor,0,0,none,A,0.2450328,0.950036,0.4208063,trackerholderobject_movement_T048.csv
reachWithPlane_A/001/S001,reachWithPlane_A,001,1,49,3,8,634.2828,634.7605,80,nocursor,0,0,none,A,0.2450328,0.950036,0.4208063,trackerholderobject_movement_T049.csv
reachWithPlane_A/001/S001,reachWithPlane_A,001,1,50,3,9,635.4604,636.0051,140,nocursor,0,0,none,A,0.2450328,0.950036,0.4208063,trackerholderobject_movement_T050.csv
reachWithPlane_A/001/S001,reachWithPlane_A,001,1,51,3,10,636.7493,637.2828,60,nocursor,0,0,none,A,0.2450328,0.950036,0.4208063,trackerholderobject_movement_T051.csv
reachWithPlane_A/001/S001,reachWithPlane_A,001,1,52,3,11,638.0828,638.5271,40,nocursor,0,0,none,A,0.2450328,0.950036,0.4208063,trackerholderobject_movement_T052.csv
reachWithPlane_A/001/S001,reachWithPlane_A,001,1,53,3,12,639.2049,639.6605,100,nocursor,0,0,none,A,0.2450328,0.950036,0.4208063,trackerholderobject_movement_T053.csv
reachWithPlane_A/001/S001,reachWithPlane_A,001,1,54,4,1,640.4827,641.2051,95,aligned,0,0,none,A,0.2450328,0.950036,0.4208063,trackerholderobject_movement_T054.csv
reachWithPlane_A/001/S001,reachWithPlane_A,001,1,55,4,2,641.8271,642.5828,85,aligned,0,0,none,A,0.2450328,0.950036,0.4208063,trackerholderobject_movement_T055.csv
reachWithPlane_A/001/S001,reachWithPlane_A,001,1,56,4,3,643.1606,643.9272,95,aligned,0,0,none,A,0.2450328,0.950036,0.4208063,trackerholderobject_movement_T056.csv
reachWithPlane_A/001/S001,reachWithPlane_A,001,1,57,4,4,644.4495,645.8494,85,aligned,0,0,none,A,0.2450328,0.950036,0.4208063,trackerholderobject_movement_T057.csv
reachWithPlane_A/001/S001,reachWithPlane_A,001,1,58,4,5,646.4272,647.105,95,aligned,0,0,none,A,0.2450328,0.950036,0.4208063,trackerholderobject_movement_T058.csv
reachWithPlane_A/001/S001,reachWithPlane_A,001,1,59,4,6,647.8272,648.4827,85,aligned,0,0,none,A,0.2450328,0.950036,0.4208063,trackerholderobject_movement_T059.csv
reachWithPlane_A/001/S001,reachWithPlane_A,001,1,60,4,7,649.105,649.7495,95,aligned,0,0,none,A,0.2450328,0.950036,0.4208063,trackerholderobject_movement_T060.csv
reachWithPlane_A/001/S001,reachWithPlane_A,001,1,61,4,8,650.4606,651.105,85,aligned,0,0,none,A,0.2450328,0.950036,0.4208063,trackerholderobject_movement_T061.csv
reachWithPlane_A/001/S001,reachWithPlane_A,001,1,62,4,9,651.8053,652.6497,95,aligned,0,0,none,A,0.2450328,0.950036,0.4208063,trackerholderobject_movement_T062.csv
reachWithPlane_A/001/S001,reachWithPlane_A,001,1,63,4,10,653.1497,653.883,85,aligned,0,0,none,A,0.2450328,0.950036,0.4208063,trackerholderobject_movement_T063.csv
reachWithPlane_A/001/S001,reachWithPlane_A,001,1,64,4,11,654.4272,655.1498,95,aligned,0,0,none,A,0.2450328,0.950036,0.4208063,trackerholderobject_movement_T064.csv
reachWithPlane_A/001/S001,reachWithPlane_A,001,1,65,4,12,655.7499,656.7498,85,aligned,0,0,none,A,0.2450328,0.950036,0.4208063,trackerholderobject_movement_T065.csv
reachWithPlane_A/001/S001,reachWithPlane_A,001,1,66,4,13,657.3831,658.1052,85,aligned,0,0,none,A,0.2450328,0.950036,0.4208063,trackerholderobject_movement_T066.csv
reachWithPlane_A/001/S001,reachWithPlane_A,001,1,67,4,14,658.6497,659.4834,95,aligned,0,0,none,A,0.2450328,0.950036,0.4208063,trackerholderobject_movement_T067.csv
reachWithPlane_A/001/S001,reachWithPlane_A,001,1,68,5,1,660.0275,663.4496,100,nocursor,0,0,flat,A,0.2450328,0.950036,0.4208063,trackerholderobject_movement_T068.csv
reachWithPlane_A/001/S001,reachWithPlane_A,001,1,69,5,2,664.1606,665.0052,120,nocursor,0,0,flat,A,0.2450328,0.950036,0.4208063,trackerholderobject_movement_T069.csv
reachWithPlane_A/001/S001,reachWithPlane_A,001,1,70,5,3,665.6829,666.2054,60,nocursor,0,0,flat,A,0.2450328,0.950036,0.4208063,trackerholderobject_movement_T070.csv
reachWithPlane_A/001/S001,reachWithPlane_A,001,1,71,5,4,666.7605,667.2607,80,nocursor,0,0,flat,A,0.2450328,0.950036,0.4208063,trackerholderobject_movement_T071.csv
reachWithPlane_A/001/S001,reachWithPlane_A,001,1,72,5,5,667.9051,668.383,40,nocursor,0,0,flat,A,0.2450328,0.950036,0.4208063,trackerholderobject_movement_T072.csv
reachWithPlane_A/001/S001,reachWithPlane_A,001,1,73,5,6,669.0497,669.5051,140,nocursor,0,0,flat,A,0.2450328,0.950036,0.4208063,trackerholderobject_movement_T073.csv
reachWithPlane_A/001/S001,reachWithPlane_A,001,1,74,5,7,670.3496,670.7827,40,nocursor,0,0,flat,A,0.2450328,0.950036,0.4208063,trackerholderobject_movement_T074.csv
reachWithPlane_A/001/S001,reachWithPlane_A,001,1,75,5,8,671.6053,672.0829,140,nocursor,0,0,flat,A,0.2450328,0.950036,0.4208063,trackerholderobject_movement_T075.csv
reachWithPlane_A/001/S001,reachWithPlane_A,001,1,76,5,9,673.1496,673.5275,120,nocursor,0,0,flat,A,0.2450328,0.950036,0.4208063,trackerholderobject_movement_T076.csv
reachWithPlane_A/001/S001,reachWithPlane_A,001,1,77,5,10,674.4607,674.8495,80,nocursor,0,0,flat,A,0.2450328,0.950036,0.4208063,trackerholderobject_movement_T077.csv
reachWithPlane_A/001/S001,reachWithPlane_A,001,1,78,5,11,675.5828,676.0493,60,nocursor,0,0,flat,A,0.2450328,0.950036,0.4208063,trackerholderobject_movement_T078.csv
reachWithPlane_A/001/S001,reachWithPlane_A,001,1,79,5,12,676.8275,677.2826,100,nocursor,0,0,flat,A,0.2450328,0.950036,0.4208063,trackerholderobject_movement_T079.csv
reachWithPlane_A/001/S001,reachWithPlane_A,001,1,80,6,1,678.1607,679.3831,95,aligned,0,0,none,A,0.2450328,0.950036,0.4208063,trackerholderobject_movement_T080.csv
reachWithPlane_A/001/S001,reachWithPlane_A,001,1,81,6,2,680.0506,680.9276,85,aligned,0,0,none,A,0.2450328,0.950036,0.4208063,trackerholderobject_movement_T081.csv
reachWithPlane_A/001/S001,reachWithPlane_A,001,1,82,6,3,681.4609,682.2607,85,aligned,0,0,none,A,0.2450328,0.950036,0.4208063,trackerholderobject_movement_T082.csv
reachWithPlane_A/001/S001,reachWithPlane_A,001,1,83,6,4,682.9499,683.7612,95,aligned,0,0,none,A,0.2450328,0.950036,0.4208063,trackerholderobject_movement_T083.csv
reachWithPlane_A/001/S001,reachWithPlane_A,001,1,84,6,5,684.3501,685.1276,95,aligned,0,0,none,A,0.2450328,0.950036,0.4208063,trackerholderobject_movement_T084.csv
reachWithPlane_A/001/S001,reachWithPlane_A,001,1,85,6,6,685.7279,686.4281,85,aligned,0,0,none,A,0.2450328,0.950036,0.4208063,trackerholderobject_movement_T085.csv
reachWithPlane_A/001/S001,reachWithPlane_A,001,1,86,6,7,687.0835,687.8057,85,aligned,0,0,none,A,0.2450328,0.950036,0.4208063,trackerholderobject_movement_T086.csv
reachWithPlane_A/001/S001,reachWithPlane_A,001,1,87,6,8,688.3615,689.206,95,aligned,0,0,none,A,0.2450328,0.950036,0.4208063,trackerholderobject_movement_T087.csv
reachWithPlane_A/001/S001,reachWithPlane_A,001,1,88,6,9,689.7612,690.5836,85,aligned,0,0,none,A,0.2450328,0.950036,0.4208063,trackerholderobject_movement_T088.csv
reachWithPlane_A/001/S001,reachWithPlane_A,001,1,89,6,10,691.1613,691.9502,95,aligned,0,0,none,A,0.2450328,0.950036,0.4208063,trackerholderobject_movement_T089.csv
reachWithPlane_A/001/S001,reachWithPlane_A,001,1,90,6,11,692.5057,693.2614,95,aligned,0,0,none,A,0.2450328,0.950036,0.4208063,trackerholderobject_movement_T090.csv
reachWithPlane_A/001/S001,reachWithPlane_A,001,1,91,6,12,693.8613,694.7612,85,aligned,0,0,none,A,0.2450328,0.950036,0.4208063,trackerholderobject_movement_T091.csv
reachWithPlane_A/001/S001,reachWithPlane_A,001,1,92,6,13,695.2835,696.0836,95,aligned,0,0,none,A,0.2450328,0.950036,0.4208063,trackerholderobject_movement_T092.csv
reachWithPlane_A/001/S001,reachWithPlane_A,001,1,93,6,14,696.6613,697.4506,85,aligned,0,0,none,A,0.2450328,0.950036,0.4208063,trackerholderobject_movement_T093.csv
reachWithPlane_A/001/S001,reachWithPlane_A,001,1,94,7,1,698.0056,698.5057,60,nocursor,0,20,none,A,0.2450328,0.950036,0.4208063,trackerholderobject_movement_T094.csv
reachWithPlane_A/001/S001,reachWithPlane_A,001,1,95,7,2,699.2502,699.6503,120,nocursor,0,20,none,A,0.2450328,0.950036,0.4208063,trackerholderobject_movement_T095.csv
reachWithPlane_A/001/S001,reachWithPlane_A,001,1,96,7,3,700.3058,700.728,140,nocursor,0,20,none,A,0.2450328,0.950036,0.4208063,trackerholderobject_movement_T096.csv
reachWithPlane_A/001/S001,reachWithPlane_A,001,1,97,7,4,701.5059,701.8503,80,nocursor,0,20,none,A,0.2450328,0.950036,0.4208063,trackerholderobject_movement_T097.csv
reachWithPlane_A/001/S001,reachWithPlane_A,001,1,98,7,5,702.5058,702.9504,40,nocursor,0,20,none,A,0.2450328,0.950036,0.4208063,trackerholderobject_movement_T098.csv
reachWithPlane_A/001/S001,reachWithPlane_A,001,1,99,7,6,703.6058,704.0278,100,nocursor,0,20,none,A,0.2450328,0.950036,0.4208063,trackerholderobject_movement_T099.csv
reachWithPlane_A/001/S001,reachWithPlane_A,001,1,100,7,7,704.8836,705.228,60,nocursor,0,20,none,A,0.2450328,0.950036,0.4208063,trackerholderobject_movement_T100.csv
reachWithPlane_A/001/S001,reachWithPlane_A,001,1,101,7,8,705.8837,706.3058,120,nocursor,0,20,none,A,0.2450328,0.950036,0.4208063,trackerholderobject_movement_T101.csv
reachWithPlane_A/001/S001,reachWithPlane_A,001,1,102,7,9,707.2615,707.5058,80,nocursor,0,20,none,A,0.2450328,0.950036,0.4208063,trackerholderobject_movement_T102.csv
reachWithPlane_A/001/S001,reachWithPlane_A,001,1,103,7,10,708.1615,708.6057,100,nocursor,0,20,none,A,0.2450328,0.950036,0.4208063,trackerholderobject_movement_T103.csv
reachWithPlane_A/001/S001,reachWithPlane_A,001,1,104,7,11,709.8616,710.2057,140,nocursor,0,20,none,A,0.2450328,0.950036,0.4208063,trackerholderobject_movement_T104.csv
reachWithPlane_A/001/S001,reachWithPlane_A,001,1,105,7,12,710.8838,711.3281,40,nocursor,0,20,none,A,0.2450328,0.950036,0.4208063,trackerholderobject_movement_T105.csv
reachWithPlane_A/001/S001,reachWithPlane_A,001,1,106,8,1,712.0837,712.9503,95,aligned,0,0,none,A,0.2450328,0.950036,0.4208063,trackerholderobject_movement_T106.csv
reachWithPlane_A/001/S001,reachWithPlane_A,001,1,107,8,2,713.5836,714.3504,85,aligned,0,0,none,A,0.2450328,0.950036,0.4208063,trackerholderobject_movement_T107.csv
reachWithPlane_A/001/S001,reachWithPlane_A,001,1,108,8,3,715.1615,716.2059,85,aligned,0,0,none,A,0.2450328,0.950036,0.4208063,trackerholderobject_movement_T108.csv
reachWithPlane_A/001/S001,reachWithPlane_A,001,1,109,8,4,716.706,717.4059,95,aligned,0,0,none,A,0.2450328,0.950036,0.4208063,trackerholderobject_movement_T109.csv
reachWithPlane_A/001/S001,reachWithPlane_A,001,1,110,8,5,718.0285,719.1616,85,aligned,0,0,none,A,0.2450328,0.950036,0.4208063,trackerholderobject_movement_T110.csv
reachWithPlane_A/001/S001,reachWithPlane_A,001,1,111,8,6,719.7616,720.5618,95,aligned,0,0,none,A,0.2450328,0.950036,0.4208063,trackerholderobject_movement_T111.csv
reachWithPlane_A/001/S001,reachWithPlane_A,001,1,112,8,7,721.2282,722.2065,85,aligned,0,0,none,A,0.2450328,0.950036,0.4208063,trackerholderobject_movement_T112.csv
reachWithPlane_A/001/S001,reachWithPlane_A,001,1,113,8,8,722.9506,723.7838,95,aligned,0,0,none,A,0.2450328,0.950036,0.4208063,trackerholderobject_movement_T113.csv
reachWithPlane_A/001/S001,reachWithPlane_A,001,1,114,8,9,724.4617,725.4504,85,aligned,0,0,none,A,0.2450328,0.950036,0.4208063,trackerholderobject_movement_T114.csv
reachWithPlane_A/001/S001,reachWithPlane_A,001,1,115,8,10,726.0505,726.8839,95,aligned,0,0,none,A,0.2450328,0.950036,0.4208063,trackerholderobject_movement_T115.csv
reachWithPlane_A/001/S001,reachWithPlane_A,001,1,116,8,11,727.5283,728.3837,95,aligned,0,0,none,A,0.2450328,0.950036,0.4208063,trackerholderobject_movement_T116.csv
reachWithPlane_A/001/S001,reachWithPlane_A,001,1,117,8,12,729.2062,729.9506,85,aligned,0,0,none,A,0.2450328,0.950036,0.4208063,trackerholderobject_movement_T117.csv
reachWithPlane_A/001/S001,reachWithPlane_A,001,1,118,8,13,730.5616,731.4062,85,aligned,0,0,none,A,0.2450328,0.950036,0.4208063,trackerholderobject_movement_T118.csv
reachWithPlane_A/001/S001,reachWithPlane_A,001,1,119,8,14,732.0505,732.8285,95,aligned,0,0,none,A,0.2450328,0.950036,0.4208063,trackerholderobject_movement_T119.csv
reachWithPlane_A/001/S001,reachWithPlane_A,001,1,120,9,1,733.5062,734.206,60,nocursor,0,20,tilt,A,0.2450328,0.950036,0.4208063,trackerholderobject_movement_T120.csv
reachWithPlane_A/001/S001,reachWithPlane_A,001,1,121,9,2,734.9061,735.306,80,nocursor,0,20,tilt,A,0.2450328,0.950036,0.4208063,trackerholderobject_movement_T121.csv
reachWithPlane_A/001/S001,reachWithPlane_A,001,1,122,9,3,735.9059,736.3057,100,nocursor,0,20,tilt,A,0.2450328,0.950036,0.4208063,trackerholderobject_movement_T122.csv
reachWithPlane_A/001/S001,reachWithPlane_A,001,1,123,9,4,737.3279,737.6279,140,nocursor,0,20,tilt,A,0.2450328,0.950036,0.4208063,trackerholderobject_movement_T123.csv
reachWithPlane_A/001/S001,reachWithPlane_A,001,1,124,9,5,738.3614,738.8281,40,nocursor,0,20,tilt,A,0.2450328,0.950036,0.4208063,trackerholderobject_movement_T124.csv
reachWithPlane_A/001/S001,reachWithPlane_A,001,1,125,9,6,739.5281,739.9502,120,nocursor,0,20,tilt,A,0.2450328,0.950036,0.4208063,trackerholderobject_movement_T125.csv
reachWithPlane_A/001/S001,reachWithPlane_A,001,1,126,9,7,740.7502,741.1503,40,nocursor,0,20,tilt,A,0.2450328,0.950036,0.4208063,trackerholderobject_movement_T126.csv
reachWithPlane_A/001/S001,reachWithPlane_A,001,1,127,9,8,742.0837,742.4503,60,nocursor,0,20,tilt,A,0.2450328,0.950036,0.4208063,trackerholderobject_movement_T127.csv
reachWithPlane_A/001/S001,reachWithPlane_A,001,1,128,9,9,743.2061,743.6281,140,nocursor,0,20,tilt,A,0.2450328,0.950036,0.4208063,trackerholderobject_movement_T128.csv
reachWithPlane_A/001/S001,reachWithPlane_A,001,1,129,9,10,744.5281,744.8839,100,nocursor,0,20,tilt,A,0.2450328,0.950036,0.4208063,trackerholderobject_movement_T129.csv
reachWithPlane_A/001/S001,reachWithPlane_A,001,1,130,9,11,746.7615,747.2061,80,nocursor,0,20,tilt,A,0.2450328,0.950036,0.4208063,trackerholderobject_movement_T130.csv
reachWithPlane_A/001/S001,reachWithPlane_A,001,1,131,9,12,747.9839,748.5839,120,nocursor,0,20,tilt,A,0.2450328,0.950036,0.4208063,trackerholderobject_movement_T131.csv
reachWithPlane_A/001/S001,reachWithPlane_A,001,1,132,10,1,749.3837,946.4111,90,instruction,0,0,none,A,0.2468845,0.9424351,0.4244473,trackerholderobject_movement_T132.csv
reachWithPlane_A/001/S001,reachWithPlane_A,001,1,133,11,1,946.4111,948.6532,85,aligned,0,0,none,A,0.2468845,0.9424351,0.4244473,trackerholderobject_movement_T133.csv
reachWithPlane_A/001/S001,reachWithPlane_A,001,1,134,11,2,949.7086,950.531,95,aligned,0,0,none,A,0.2468845,0.9424351,0.4244473,trackerholderobject_movement_T134.csv
reachWithPlane_A/001/S001,reachWithPlane_A,001,1,135,11,3,951.3088,952.0087,85,aligned,0,0,none,A,0.2468845,0.9424351,0.4244473,trackerholderobject_movement_T135.csv
reachWithPlane_A/001/S001,reachWithPlane_A,001,1,136,11,4,952.7532,953.5309,95,aligned,0,0,none,A,0.2468845,0.9424351,0.4244473,trackerholderobject_movement_T136.csv
reachWithPlane_A/001/S001,reachWithPlane_A,001,1,137,12,1,954.2754,956.6643,95,rotated,45,0,flat,A,0.2468845,0.9424351,0.4244473,trackerholderobject_movement_T137.csv
reachWithPlane_A/001/S001,reachWithPlane_A,001,1,138,12,2,957.6422,960.109,85,rotated,45,0,flat,A,0.2468845,0.9424351,0.4244473,trackerholderobject_movement_T138.csv
reachWithPlane_A/001/S001,reachWithPlane_A,001,1,139,12,3,961.1865,962.6425,95,rotated,45,0,flat,A,0.2468845,0.9424351,0.4244473,trackerholderobject_movement_T139.csv
reachWithPlane_A/001/S001,reachWithPlane_A,001,1,140,12,4,966.2311,967.5421,85,rotated,45,0,flat,A,0.2468845,0.9424351,0.4244473,trackerholderobject_movement_T140.csv
reachWithPlane_A/001/S001,reachWithPlane_A,001,1,141,12,5,968.2644,970.209,85,rotated,45,0,flat,A,0.2468845,0.9424351,0.4244473,trackerholderobject_movement_T141.csv
reachWithPlane_A/001/S001,reachWithPlane_A,001,1,142,12,6,970.9866,971.9091,95,rotated,45,0,flat,A,0.2468845,0.9424351,0.4244473,trackerholderobject_movement_T142.csv
reachWithPlane_A/001/S001,reachWithPlane_A,001,1,143,12,7,972.6646,973.5867,85,rotated,45,0,flat,A,0.2468845,0.9424351,0.4244473,trackerholderobject_movement_T143.csv
reachWithPlane_A/001/S001,reachWithPlane_A,001,1,144,12,8,974.4424,975.3423,95,rotated,45,0,flat,A,0.2468845,0.9424351,0.4244473,trackerholderobject_movement_T144.csv
reachWithPlane_A/001/S001,reachWithPlane_A,001,1,145,12,9,976.1646,977.109,85,rotated,45,0,flat,A,0.2468845,0.9424351,0.4244473,trackerholderobject_movement_T145.csv
reachWithPlane_A/001/S001,reachWithPlane_A,001,1,146,12,10,977.7868,978.9089,95,rotated,45,0,flat,A,0.2468845,0.9424351,0.4244473,trackerholderobject_movement_T146.csv
reachWithPlane_A/001/S001,reachWithPlane_A,001,1,147,12,11,979.8421,980.9644,95,rotated,45,0,flat,A,0.2468845,0.9424351,0.4244473,trackerholderobject_movement_T147.csv
reachWithPlane_A/001/S001,reachWithPlane_A,001,1,148,12,12,981.8088,982.8093,85,rotated,45,0,flat,A,0.2468845,0.9424351,0.4244473,trackerholderobject_movement_T148.csv
reachWithPlane_A/001/S001,reachWithPlane_A,001,1,149,12,13,984.1644,985.2869,95,rotated,45,0,flat,A,0.2468845,0.9424351,0.4244473,trackerholderobject_movement_T149.csv
reachWithPlane_A/001/S001,reachWithPlane_A,001,1,150,12,14,986.0423,987.6873,85,rotated,45,0,flat,A,0.2468845,0.9424351,0.4244473,trackerholderobject_movement_T150.csv
reachWithPlane_A/001/S001,reachWithPlane_A,001,1,151,12,15,988.3647,989.5204,85,rotated,45,0,flat,A,0.2468845,0.9424351,0.4244473,trackerholderobject_movement_T151.csv
reachWithPlane_A/001/S001,reachWithPlane_A,001,1,152,12,16,990.1645,991.1204,95,rotated,45,0,flat,A,0.2468845,0.9424351,0.4244473,trackerholderobject_movement_T152.csv
reachWithPlane_A/001/S001,reachWithPlane_A,001,1,153,12,17,991.9424,992.9424,85,rotated,45,0,flat,A,0.2468845,0.9424351,0.4244473,trackerholderobject_movement_T153.csv
reachWithPlane_A/001/S001,reachWithPlane_A,001,1,154,12,18,993.587,994.8098,95,rotated,45,0,flat,A,0.2468845,0.9424351,0.4244473,trackerholderobject_movement_T154.csv
reachWithPlane_A/001/S001,reachWithPlane_A,001,1,155,12,19,995.4647,996.4428,85,rotated,45,0,flat,A,0.2468845,0.9424351,0.4244473,trackerholderobject_movement_T155.csv
reachWithPlane_A/001/S001,reachWithPlane_A,001,1,156,12,20,997.2423,998.1646,95,rotated,45,0,flat,A,0.2468845,0.9424351,0.4244473,trackerholderobject_movement_T156.csv
reachWithPlane_A/001/S001,reachWithPlane_A,001,1,157,12,21,998.9092,999.787,95,rotated,45,0,flat,A,0.2468845,0.9424351,0.4244473,trackerholderobject_movement_T157.csv
reachWithPlane_A/001/S001,reachWithPlane_A,001,1,158,12,22,1000.487,1001.409,85,rotated,45,0,flat,A,0.2468845,0.9424351,0.4244473,trackerholderobject_movement_T158.csv
reachWithPlane_A/001/S001,reachWithPlane_A,001,1,159,12,23,1002.142,1003.22,85,rotated,45,0,flat,A,0.2468845,0.9424351,0.4244473,trackerholderobject_movement_T159.csv
reachWithPlane_A/001/S001,reachWithPlane_A,001,1,160,12,24,1004.143,1005.02,95,rotated,45,0,flat,A,0.2468845,0.9424351,0.4244473,trackerholderobject_movement_T160.csv
reachWithPlane_A/001/S001,reachWithPlane_A,001,1,161,12,25,1005.809,1006.765,85,rotated,45,0,flat,A,0.2468845,0.9424351,0.4244473,trackerholderobject_movement_T161.csv
reachWithPlane_A/001/S001,reachWithPlane_A,001,1,162,12,26,1007.41,1008.421,95,rotated,45,0,flat,A,0.2468845,0.9424351,0.4244473,trackerholderobject_movement_T162.csv
reachWithPlane_A/001/S001,reachWithPlane_A,001,1,163,12,27,1009.121,1010.01,95,rotated,45,0,flat,A,0.2468845,0.9424351,0.4244473,trackerholderobject_movement_T163.csv
reachWithPlane_A/001/S001,reachWithPlane_A,001,1,164,12,28,1010.765,1011.643,85,rotated,45,0,flat,A,0.2468845,0.9424351,0.4244473,trackerholderobject_movement_T164.csv
reachWithPlane_A/001/S001,reachWithPlane_A,001,1,165,12,29,1012.243,1013.387,95,rotated,45,0,flat,A,0.2468845,0.9424351,0.4244473,trackerholderobject_movement_T165.csv
reachWithPlane_A/001/S001,reachWithPlane_A,001,1,166,12,30,1014.265,1015.087,85,rotated,45,0,flat,A,0.2468845,0.9424351,0.4244473,trackerholderobject_movement_T166.csv
reachWithPlane_A/001/S001,reachWithPlane_A,001,1,167,12,31,1015.787,1016.487,95,rotated,45,0,flat,A,0.2468845,0.9424351,0.4244473,trackerholderobject_movement_T167.csv
reachWithPlane_A/001/S001,reachWithPlane_A,001,1,168,12,32,1017.143,1017.987,85,rotated,45,0,flat,A,0.2468845,0.9424351,0.4244473,trackerholderobject_movement_T168.csv
reachWithPlane_A/001/S001,reachWithPlane_A,001,1,169,12,33,1018.665,1019.543,85,rotated,45,0,flat,A,0.2468845,0.9424351,0.4244473,trackerholderobject_movement_T169.csv
reachWithPlane_A/001/S001,reachWithPlane_A,001,1,170,12,34,1020.143,1021.31,95,rotated,45,0,flat,A,0.2468845,0.9424351,0.4244473,trackerholderobject_movement_T170.csv
reachWithPlane_A/001/S001,reachWithPlane_A,001,1,171,12,35,1022.01,1023.043,85,rotated,45,0,flat,A,0.2468845,0.9424351,0.4244473,trackerholderobject_movement_T171.csv
reachWithPlane_A/001/S001,reachWithPlane_A,001,1,172,12,36,1023.665,1024.443,95,rotated,45,0,flat,A,0.2468845,0.9424351,0.4244473,trackerholderobject_movement_T172.csv
reachWithPlane_A/001/S001,reachWithPlane_A,001,1,173,12,37,1025.121,1026.187,85,rotated,45,0,flat,A,0.2468845,0.9424351,0.4244473,trackerholderobject_movement_T173.csv
reachWithPlane_A/001/S001,reachWithPlane_A,001,1,174,12,38,1026.821,1027.721,95,rotated,45,0,flat,A,0.2468845,0.9424351,0.4244473,trackerholderobject_movement_T174.csv
reachWithPlane_A/001/S001,reachWithPlane_A,001,1,175,12,39,1028.365,1029.187,95,rotated,45,0,flat,A,0.2468845,0.9424351,0.4244473,trackerholderobject_movement_T175.csv
reachWithPlane_A/001/S001,reachWithPlane_A,001,1,176,12,40,1029.843,1030.665,85,rotated,45,0,flat,A,0.2468845,0.9424351,0.4244473,trackerholderobject_movement_T176.csv
reachWithPlane_A/001/S001,reachWithPlane_A,001,1,177,12,41,1031.387,1032.965,95,rotated,45,0,flat,A,0.2468845,0.9424351,0.4244473,trackerholderobject_movement_T177.csv
reachWithPlane_A/001/S001,reachWithPlane_A,001,1,178,12,42,1033.61,1034.465,85,rotated,45,0,flat,A,0.2468845,0.9424351,0.4244473,trackerholderobject_movement_T178.csv
reachWithPlane_A/001/S001,reachWithPlane_A,001,1,179,12,43,1035.165,1035.887,95,rotated,45,0,flat,A,0.2468845,0.9424351,0.4244473,trackerholderobject_movement_T179.csv
reachWithPlane_A/001/S001,reachWithPlane_A,001,1,180,12,44,1036.465,1037.543,85,rotated,45,0,flat,A,0.2468845,0.9424351,0.4244473,trackerholderobject_movement_T180.csv
reachWithPlane_A/001/S001,reachWithPlane_A,001,1,181,12,45,1038.243,1039.043,85,rotated,45,0,flat,A,0.2468845,0.9424351,0.4244473,trackerholderobject_movement_T181.csv
reachWithPlane_A/001/S001,reachWithPlane_A,001,1,182,12,46,1039.721,1041.265,95,rotated,45,0,flat,A,0.2468845,0.9424351,0.4244473,trackerholderobject_movement_T182.csv
reachWithPlane_A/001/S001,reachWithPlane_A,001,1,183,12,47,1041.943,1042.721,85,rotated,45,0,flat,A,0.2468845,0.9424351,0.4244473,trackerholderobject_movement_T183.csv
reachWithPlane_A/001/S001,reachWithPlane_A,001,1,184,12,48,1043.51,1044.165,95,rotated,45,0,flat,A,0.2468845,0.9424351,0.4244473,trackerholderobject_movement_T184.csv
reachWithPlane_A/001/S001,reachWithPlane_A,001,1,185,12,49,1044.765,1045.465,95,rotated,45,0,flat,A,0.2468845,0.9424351,0.4244473,trackerholderobject_movement_T185.csv
reachWithPlane_A/001/S001,reachWithPlane_A,001,1,186,12,50,1046.065,1046.843,85,rotated,45,0,flat,A,0.2468845,0.9424351,0.4244473,trackerholderobject_movement_T186.csv
reachWithPlane_A/001/S001,reachWithPlane_A,001,1,187,12,51,1047.443,1048.343,85,rotated,45,0,flat,A,0.2468845,0.9424351,0.4244473,trackerholderobject_movement_T187.csv
reachWithPlane_A/001/S001,reachWithPlane_A,001,1,188,12,52,1048.988,1049.866,95,rotated,45,0,flat,A,0.2468845,0.9424351,0.4244473,trackerholderobject_movement_T188.csv
reachWithPlane_A/001/S001,reachWithPlane_A,001,1,189,12,53,1052.91,1055.488,85,rotated,45,0,flat,A,0.2468845,0.9424351,0.4244473,trackerholderobject_movement_T189.csv
reachWithPlane_A/001/S001,reachWithPlane_A,001,1,190,12,54,1056.31,1057.821,95,rotated,45,0,flat,A,0.2468845,0.9424351,0.4244473,trackerholderobject_movement_T190.csv
reachWithPlane_A/001/S001,reachWithPlane_A,001,1,191,12,55,1058.743,1060.421,95,rotated,45,0,flat,A,0.2468845,0.9424351,0.4244473,trackerholderobject_movement_T191.csv
reachWithPlane_A/001/S001,reachWithPlane_A,001,1,192,12,56,1061.143,1062.443,85,rotated,45,0,flat,A,0.2468845,0.9424351,0.4244473,trackerholderobject_movement_T192.csv
reachWithPlane_A/001/S001,reachWithPlane_A,001,1,193,12,57,1063.21,1064.166,85,rotated,45,0,flat,A,0.2468845,0.9424351,0.4244473,trackerholderobject_movement_T193.csv
reachWithPlane_A/001/S001,reachWithPlane_A,001,1,194,12,58,1064.843,1066.321,95,rotated,45,0,flat,A,0.2468845,0.9424351,0.4244473,trackerholderobject_movement_T194.csv
reachWithPlane_A/001/S001,reachWithPlane_A,001,1,195,12,59,1067.21,1068.71,85,rotated,45,0,flat,A,0.2468845,0.9424351,0.4244473,trackerholderobject_movement_T195.csv
reachWithPlane_A/001/S001,reachWithPlane_A,001,1,196,12,60,1069.91,1070.743,95,rotated,45,0,flat,A,0.2468845,0.9424351,0.4244473,trackerholderobject_movement_T196.csv
reachWithPlane_A/001/S001,reachWithPlane_A,001,1,197,12,61,1073.922,1076.577,95,rotated,45,0,flat,A,0.2468845,0.9424351,0.4244473,trackerholderobject_movement_T197.csv
reachWithPlane_A/001/S001,reachWithPlane_A,001,1,198,12,62,1077.577,1078.644,85,rotated,45,0,flat,A,0.2468845,0.9424351,0.4244473,trackerholderobject_movement_T198.csv
reachWithPlane_A/001/S001,reachWithPlane_A,001,1,199,12,63,1079.711,1080.566,95,rotated,45,0,flat,A,0.2468845,0.9424351,0.4244473,trackerholderobject_movement_T199.csv
reachWithPlane_A/001/S001,reachWithPlane_A,001,1,200,12,64,1081.911,1082.744,85,rotated,45,0,flat,A,0.2468845,0.9424351,0.4244473,trackerholderobject_movement_T200.csv
reachWithPlane_A/001/S001,reachWithPlane_A,001,1,201,12,65,1084.044,1084.922,95,rotated,45,0,flat,A,0.2468845,0.9424351,0.4244473,trackerholderobject_movement_T201.csv
reachWithPlane_A/001/S001,reachWithPlane_A,001,1,202,12,66,1086.544,1087.444,85,rotated,45,0,flat,A,0.2468845,0.9424351,0.4244473,trackerholderobject_movement_T202.csv
reachWithPlane_A/001/S001,reachWithPlane_A,001,1,203,12,67,1088.444,1089.266,95,rotated,45,0,flat,A,0.2468845,0.9424351,0.4244473,trackerholderobject_movement_T203.csv
reachWithPlane_A/001/S001,reachWithPlane_A,001,1,204,12,68,1090.444,1091.666,85,rotated,45,0,flat,A,0.2468845,0.9424351,0.4244473,trackerholderobject_movement_T204.csv
reachWithPlane_A/001/S001,reachWithPlane_A,001,1,205,12,69,1092.343,1093.61,85,rotated,45,0,flat,A,0.2468845,0.9424351,0.4244473,trackerholderobject_movement_T205.csv
reachWithPlane_A/001/S001,reachWithPlane_A,001,1,206,12,70,1094.844,1095.543,95,rotated,45,0,flat,A,0.2468845,0.9424351,0.4244473,trackerholderobject_movement_T206.csv
reachWithPlane_A/001/S001,reachWithPlane_A,001,1,207,12,71,1096.243,1097.088,95,rotated,45,0,flat,A,0.2468845,0.9424351,0.4244473,trackerholderobject_movement_T207.csv
reachWithPlane_A/001/S001,reachWithPlane_A,001,1,208,12,72,1097.721,1098.588,85,rotated,45,0,flat,A,0.2468845,0.9424351,0.4244473,trackerholderobject_movement_T208.csv
reachWithPlane_A/001/S001,reachWithPlane_A,001,1,209,12,73,1099.621,1100.343,95,rotated,45,0,flat,A,0.2468845,0.9424351,0.4244473,trackerholderobject_movement_T209.csv
reachWithPlane_A/001/S001,reachWithPlane_A,001,1,210,12,74,1100.888,1101.71,85,rotated,45,0,flat,A,0.2468845,0.9424351,0.4244473,trackerholderobject_movement_T210.csv
reachWithPlane_A/001/S001,reachWithPlane_A,001,1,211,12,75,1102.966,1103.688,85,rotated,45,0,flat,A,0.2468845,0.9424351,0.4244473,trackerholderobject_movement_T211.csv
reachWithPlane_A/001/S001,reachWithPlane_A,001,1,212,12,76,1104.788,1105.622,95,rotated,45,0,flat,A,0.2468845,0.9424351,0.4244473,trackerholderobject_movement_T212.csv
reachWithPlane_A/001/S001,reachWithPlane_A,001,1,213,12,77,1106.788,1107.722,95,rotated,45,0,flat,A,0.2468845,0.9424351,0.4244473,trackerholderobject_movement_T213.csv
reachWithPlane_A/001/S001,reachWithPlane_A,001,1,214,12,78,1108.788,1109.543,85,rotated,45,0,flat,A,0.2468845,0.9424351,0.4244473,trackerholderobject_movement_T214.csv
reachWithPlane_A/001/S001,reachWithPlane_A,001,1,215,12,79,1110.566,1111.61,85,rotated,45,0,flat,A,0.2468845,0.9424351,0.4244473,trackerholderobject_movement_T215.csv
reachWithPlane_A/001/S001,reachWithPlane_A,001,1,216,12,80,1112.366,1113.61,95,rotated,45,0,flat,A,0.2468845,0.9424351,0.4244473,trackerholderobject_movement_T216.csv
reachWithPlane_A/001/S001,reachWithPlane_A,001,1,217,12,81,1114.566,1115.311,85,rotated,45,0,flat,A,0.2468845,0.9424351,0.4244473,trackerholderobject_movement_T217.csv
reachWithPlane_A/001/S001,reachWithPlane_A,001,1,218,12,82,1116.311,1117.066,95,rotated,45,0,flat,A,0.2468845,0.9424351,0.4244473,trackerholderobject_movement_T218.csv
reachWithPlane_A/001/S001,reachWithPlane_A,001,1,219,12,83,1117.766,1118.589,85,rotated,45,0,flat,A,0.2468845,0.9424351,0.4244473,trackerholderobject_movement_T219.csv
reachWithPlane_A/001/S001,reachWithPlane_A,001,1,220,12,84,1119.244,1120.089,95,rotated,45,0,flat,A,0.2468845,0.9424351,0.4244473,trackerholderobject_movement_T220.csv
reachWithPlane_A/001/S001,reachWithPlane_A,001,1,221,12,85,1120.788,1121.711,85,rotated,45,0,flat,A,0.2468845,0.9424351,0.4244473,trackerholderobject_movement_T221.csv
reachWithPlane_A/001/S001,reachWithPlane_A,001,1,222,12,86,1125.177,1128.1,95,rotated,45,0,flat,A,0.2468845,0.9424351,0.4244473,trackerholderobject_movement_T222.csv
reachWithPlane_A/001/S001,reachWithPlane_A,001,1,223,12,87,1129.111,1130.011,95,rotated,45,0,flat,A,0.2468845,0.9424351,0.4244473,trackerholderobject_movement_T223.csv
reachWithPlane_A/001/S001,reachWithPlane_A,001,1,224,12,88,1130.744,1131.711,85,rotated,45,0,flat,A,0.2468845,0.9424351,0.4244473,trackerholderobject_movement_T224.csv
reachWithPlane_A/001/S001,reachWithPlane_A,001,1,225,12,89,1132.467,1133.266,95,rotated,45,0,flat,A,0.2468845,0.9424351,0.4244473,trackerholderobject_movement_T225.csv
reachWithPlane_A/001/S001,reachWithPlane_A,001,1,226,12,90,1134,1134.889,85,rotated,45,0,flat,A,0.2468845,0.9424351,0.4244473,trackerholderobject_movement_T226.csv
reachWithPlane_A/001/S001,reachWithPlane_A,001,1,227,13,1,1135.589,1136.144,120,nocursor,0,0,none,A,0.2468845,0.9424351,0.4244473,trackerholderobject_movement_T227.csv
reachWithPlane_A/001/S001,reachWithPlane_A,001,1,228,13,2,1142.044,1142.811,40,nocursor,0,0,none,A,0.2332333,0.9461449,0.4218279,trackerholderobject_movement_T228.csv
reachWithPlane_A/001/S001,reachWithPlane_A,001,1,229,13,3,1143.511,1144.011,60,nocursor,0,0,none,A,0.2332333,0.9461449,0.4218279,trackerholderobject_movement_T229.csv
reachWithPlane_A/001/S001,reachWithPlane_A,001,1,230,13,4,1144.689,1145.123,140,nocursor,0,0,none,A,0.2332333,0.9461449,0.4218279,trackerholderobject_movement_T230.csv
reachWithPlane_A/001/S001,reachWithPlane_A,001,1,231,13,5,1146.622,1147.011,80,nocursor,0,0,none,A,0.2332333,0.9461449,0.4218279,trackerholderobject_movement_T231.csv
reachWithPlane_A/001/S001,reachWithPlane_A,001,1,232,13,6,1147.745,1148.2,100,nocursor,0,0,none,A,0.2332333,0.9461449,0.4218279,trackerholderobject_movement_T232.csv
reachWithPlane_A/001/S001,reachWithPlane_A,001,1,233,13,7,1148.944,1149.367,80,nocursor,0,0,none,A,0.2332333,0.9461449,0.4218279,trackerholderobject_movement_T233.csv
reachWithPlane_A/001/S001,reachWithPlane_A,001,1,234,13,8,1150,1150.489,140,nocursor,0,0,none,A,0.2332333,0.9461449,0.4218279,trackerholderobject_movement_T234.csv
reachWithPlane_A/001/S001,reachWithPlane_A,001,1,235,13,9,1151.245,1151.689,100,nocursor,0,0,none,A,0.2332333,0.9461449,0.4218279,trackerholderobject_movement_T235.csv
reachWithPlane_A/001/S001,reachWithPlane_A,001,1,236,13,10,1152.5,1153.045,120,nocursor,0,0,none,A,0.2332333,0.9461449,0.4218279,trackerholderobject_movement_T236.csv
reachWithPlane_A/001/S001,reachWithPlane_A,001,1,237,13,11,1153.922,1154.467,60,nocursor,0,0,none,A,0.2332333,0.9461449,0.4218279,trackerholderobject_movement_T237.csv
reachWithPlane_A/001/S001,reachWithPlane_A,001,1,238,13,12,1155.222,1155.767,40,nocursor,0,0,none,A,0.2332333,0.9461449,0.4218279,trackerholderobject_movement_T238.csv
reachWithPlane_A/001/S001,reachWithPlane_A,001,1,239,14,1,1156.689,1158.122,85,rotated,45,0,flat,A,0.2332333,0.9461449,0.4218279,trackerholderobject_movement_T239.csv
reachWithPlane_A/001/S001,reachWithPlane_A,001,1,240,14,2,1158.844,1159.645,95,rotated,45,0,flat,A,0.2332333,0.9461449,0.4218279,trackerholderobject_movement_T240.csv
reachWithPlane_A/001/S001,reachWithPlane_A,001,1,241,14,3,1160.222,1160.967,95,rotated,45,0,flat,A,0.2332333,0.9461449,0.4218279,trackerholderobject_movement_T241.csv
reachWithPlane_A/001/S001,reachWithPlane_A,001,1,242,14,4,1161.6,1162.422,85,rotated,45,0,flat,A,0.2332333,0.9461449,0.4218279,trackerholderobject_movement_T242.csv
reachWithPlane_A/001/S001,reachWithPlane_A,001,1,243,14,5,1163.067,1165.189,85,rotated,45,0,flat,A,0.2332333,0.9461449,0.4218279,trackerholderobject_movement_T243.csv
reachWithPlane_A/001/S001,reachWithPlane_A,001,1,244,14,6,1165.945,1167.967,95,rotated,45,0,flat,A,0.2332333,0.9461449,0.4218279,trackerholderobject_movement_T244.csv
reachWithPlane_A/001/S001,reachWithPlane_A,001,1,245,14,7,1168.644,1170.444,85,rotated,45,0,flat,A,0.2332333,0.9461449,0.4218279,trackerholderobject_movement_T245.csv
reachWithPlane_A/001/S001,reachWithPlane_A,001,1,246,14,8,1171.189,1171.945,95,rotated,45,0,flat,A,0.2332333,0.9461449,0.4218279,trackerholderobject_movement_T246.csv
reachWithPlane_A/001/S001,reachWithPlane_A,001,1,247,14,9,1172.589,1173.989,85,rotated,45,0,flat,A,0.2332333,0.9461449,0.4218279,trackerholderobject_movement_T247.csv
reachWithPlane_A/001/S001,reachWithPlane_A,001,1,248,14,10,1174.667,1175.289,95,rotated,45,0,flat,A,0.2332333,0.9461449,0.4218279,trackerholderobject_movement_T248.csv
reachWithPlane_A/001/S001,reachWithPlane_A,001,1,249,14,11,1176.145,1177.323,85,rotated,45,0,flat,A,0.2332333,0.9461449,0.4218279,trackerholderobject_movement_T249.csv
reachWithPlane_A/001/S001,reachWithPlane_A,001,1,250,14,12,1178.023,1179.167,95,rotated,45,0,flat,A,0.2332333,0.9461449,0.4218279,trackerholderobject_movement_T250.csv
reachWithPlane_A/001/S001,reachWithPlane_A,001,1,251,14,13,1179.867,1181.023,85,rotated,45,0,flat,A,0.2332333,0.9461449,0.4218279,trackerholderobject_movement_T251.csv
reachWithPlane_A/001/S001,reachWithPlane_A,001,1,252,14,14,1181.723,1182.39,95,rotated,45,0,flat,A,0.2332333,0.9461449,0.4218279,trackerholderobject_movement_T252.csv
reachWithPlane_A/001/S001,reachWithPlane_A,001,1,253,15,1,1183.045,1183.467,60,nocursor,0,0,flat,A,0.2332333,0.9461449,0.4218279,trackerholderobject_movement_T253.csv
reachWithPlane_A/001/S001,reachWithPlane_A,001,1,254,15,2,1184.189,1184.567,40,nocursor,0,0,flat,A,0.2332333,0.9461449,0.4218279,trackerholderobject_movement_T254.csv
reachWithPlane_A/001/S001,reachWithPlane_A,001,1,255,15,3,1185.123,1185.589,140,nocursor,0,0,flat,A,0.2332333,0.9461449,0.4218279,trackerholderobject_movement_T255.csv
reachWithPlane_A/001/S001,reachWithPlane_A,001,1,256,15,4,1186.323,1186.723,80,nocursor,0,0,flat,A,0.2332333,0.9461449,0.4218279,trackerholderobject_movement_T256.csv
reachWithPlane_A/001/S001,reachWithPlane_A,001,1,257,15,5,1187.467,1187.867,120,nocursor,0,0,flat,A,0.2332333,0.9461449,0.4218279,trackerholderobject_movement_T257.csv
reachWithPlane_A/001/S001,reachWithPlane_A,001,1,258,15,6,1188.745,1189.145,100,nocursor,0,0,flat,A,0.2332333,0.9461449,0.4218279,trackerholderobject_movement_T258.csv
reachWithPlane_A/001/S001,reachWithPlane_A,001,1,259,15,7,1189.945,1190.345,100,nocursor,0,0,flat,A,0.2332333,0.9461449,0.4218279,trackerholderobject_movement_T259.csv
reachWithPlane_A/001/S001,reachWithPlane_A,001,1,260,15,8,1191.067,1191.489,120,nocursor,0,0,flat,A,0.2332333,0.9461449,0.4218279,trackerholderobject_movement_T260.csv
reachWithPlane_A/001/S001,reachWithPlane_A,001,1,261,15,9,1192.267,1192.689,80,nocursor,0,0,flat,A,0.2332333,0.9461449,0.4218279,trackerholderobject_movement_T261.csv
reachWithPlane_A/001/S001,reachWithPlane_A,001,1,262,15,10,1193.4,1193.789,40,nocursor,0,0,flat,A,0.2332333,0.9461449,0.4218279,trackerholderobject_movement_T262.csv
reachWithPlane_A/001/S001,reachWithPlane_A,001,1,263,15,11,1194.689,1195.123,140,nocursor,0,0,flat,A,0.2332333,0.9461449,0.4218279,trackerholderobject_movement_T263.csv
reachWithPlane_A/001/S001,reachWithPlane_A,001,1,264,15,12,1196.067,1196.467,60,nocursor,0,0,flat,A,0.2332333,0.9461449,0.4218279,trackerholderobject_movement_T264.csv
reachWithPlane_A/001/S001,reachWithPlane_A,001,1,265,16,1,1197.345,1198.745,85,rotated,45,0,flat,A,0.2332333,0.9461449,0.4218279,trackerholderobject_movement_T265.csv
reachWithPlane_A/001/S001,reachWithPlane_A,001,1,266,16,2,1199.523,1201.367,95,rotated,45,0,flat,A,0.2332333,0.9461449,0.4218279,trackerholderobject_movement_T266.csv
reachWithPlane_A/001/S001,reachWithPlane_A,001,1,267,16,3,1203.79,1205.723,95,rotated,45,0,flat,A,0.2332333,0.9461449,0.4218279,trackerholderobject_movement_T267.csv
reachWithPlane_A/001/S001,reachWithPlane_A,001,1,268,16,4,1206.39,1207.123,85,rotated,45,0,flat,A,0.2332333,0.9461449,0.4218279,trackerholderobject_movement_T268.csv
reachWithPlane_A/001/S001,reachWithPlane_A,001,1,269,16,5,1207.7,1208.567,85,rotated,45,0,flat,A,0.2332333,0.9461449,0.4218279,trackerholderobject_movement_T269.csv
reachWithPlane_A/001/S001,reachWithPlane_A,001,1,270,16,6,1209.123,1209.823,95,rotated,45,0,flat,A,0.2332333,0.9461449,0.4218279,trackerholderobject_movement_T270.csv
reachWithPlane_A/001/S001,reachWithPlane_A,001,1,271,16,7,1210.468,1211.445,95,rotated,45,0,flat,A,0.2332333,0.9461449,0.4218279,trackerholderobject_movement_T271.csv
reachWithPlane_A/001/S001,reachWithPlane_A,001,1,272,16,8,1212.101,1212.99,85,rotated,45,0,flat,A,0.2332333,0.9461449,0.4218279,trackerholderobject_movement_T272.csv
reachWithPlane_A/001/S001,reachWithPlane_A,001,1,273,16,9,1213.567,1214.245,85,rotated,45,0,flat,A,0.2332333,0.9461449,0.4218279,trackerholderobject_movement_T273.csv
reachWithPlane_A/001/S001,reachWithPlane_A,001,1,274,16,10,1214.945,1215.59,95,rotated,45,0,flat,A,0.2332333,0.9461449,0.4218279,trackerholderobject_movement_T274.csv
reachWithPlane_A/001/S001,reachWithPlane_A,001,1,275,16,11,1216.124,1216.868,85,rotated,45,0,flat,A,0.2332333,0.9461449,0.4218279,trackerholderobject_movement_T275.csv
reachWithPlane_A/001/S001,reachWithPlane_A,001,1,276,16,12,1217.467,1218.19,95,rotated,45,0,flat,A,0.2332333,0.9461449,0.4218279,trackerholderobject_movement_T276.csv
reachWithPlane_A/001/S001,reachWithPlane_A,001,1,277,16,13,1218.845,1219.623,85,rotated,45,0,flat,A,0.2332333,0.9461449,0.4218279,trackerholderobject_movement_T277.csv
reachWithPlane_A/001/S001,reachWithPlane_A,001,1,278,16,14,1220.245,1221.445,95,rotated,45,0,flat,A,0.2332333,0.9461449,0.4218279,trackerholderobject_movement_T278.csv
reachWithPlane_A/001/S001,reachWithPlane_A,001,1,279,17,1,1222.201,1222.868,40,nocursor,0,20,none,A,0.2332333,0.9461449,0.4218279,trackerholderobject_movement_T279.csv
reachWithPlane_A/001/S001,reachWithPlane_A,001,1,280,17,2,1223.468,1223.845,60,nocursor,0,20,none,A,0.2332333,0.9461449,0.4218279,trackerholderobject_movement_T280.csv
reachWithPlane_A/001/S001,reachWithPlane_A,001,1,281,17,3,1224.445,1224.845,140,nocursor,0,20,none,A,0.2332333,0.9461449,0.4218279,trackerholderobject_movement_T281.csv
reachWithPlane_A/001/S001,reachWithPlane_A,001,1,282,17,4,1225.89,1226.245,120,nocursor,0,20,none,A,0.2332333,0.9461449,0.4218279,trackerholderobject_movement_T282.csv
reachWithPlane_A/001/S001,reachWithPlane_A,001,1,283,17,5,1226.89,1227.245,80,nocursor,0,20,none,A,0.2332333,0.9461449,0.4218279,trackerholderobject_movement_T283.csv
reachWithPlane_A/001/S001,reachWithPlane_A,001,1,284,17,6,1228.523,1228.923,100,nocursor,0,20,none,A,0.2332333,0.9461449,0.4218279,trackerholderobject_movement_T284.csv
reachWithPlane_A/001/S001,reachWithPlane_A,001,1,285,17,7,1229.723,1230.101,60,nocursor,0,20,none,A,0.2332333,0.9461449,0.4218279,trackerholderobject_movement_T285.csv
reachWithPlane_A/001/S001,reachWithPlane_A,001,1,286,17,8,1231.39,1231.723,40,nocursor,0,20,none,A,0.2332333,0.9461449,0.4218279,trackerholderobject_movement_T286.csv
reachWithPlane_A/001/S001,reachWithPlane_A,001,1,287,17,9,1234.59,1235.09,80,nocursor,0,20,none,A,0.2332333,0.9461449,0.4218279,trackerholderobject_movement_T287.csv
reachWithPlane_A/001/S001,reachWithPlane_A,001,1,288,17,10,1235.845,1236.323,100,nocursor,0,20,none,A,0.2332333,0.9461449,0.4218279,trackerholderobject_movement_T288.csv
reachWithPlane_A/001/S001,reachWithPlane_A,001,1,289,17,11,1237.023,1237.468,140,nocursor,0,20,none,A,0.2332333,0.9461449,0.4218279,trackerholderobject_movement_T289.csv
reachWithPlane_A/001/S001,reachWithPlane_A,001,1,290,17,12,1239.224,1239.69,120,nocursor,0,20,none,A,0.2341635,0.9540735,0.4185048,trackerholderobject_movement_T290.csv
reachWithPlane_A/001/S001,reachWithPlane_A,001,1,291,18,1,1240.401,1242.201,95,rotated,45,0,flat,A,0.2341635,0.9540735,0.4185048,trackerholderobject_movement_T291.csv
reachWithPlane_A/001/S001,reachWithPlane_A,001,1,292,18,2,1242.89,1243.69,85,rotated,45,0,flat,A,0.2341635,0.9540735,0.4185048,trackerholderobject_movement_T292.csv
reachWithPlane_A/001/S001,reachWithPlane_A,001,1,293,18,3,1244.323,1245.145,85,rotated,45,0,flat,A,0.2341635,0.9540735,0.4185048,trackerholderobject_movement_T293.csv
reachWithPlane_A/001/S001,reachWithPlane_A,001,1,294,18,4,1245.667,1246.468,95,rotated,45,0,flat,A,0.2341635,0.9540735,0.4185048,trackerholderobject_movement_T294.csv
reachWithPlane_A/001/S001,reachWithPlane_A,001,1,295,18,5,1246.968,1248.245,85,rotated,45,0,flat,A,0.2341635,0.9540735,0.4185048,trackerholderobject_movement_T295.csv
reachWithPlane_A/001/S001,reachWithPlane_A,001,1,296,18,6,1248.868,1249.601,95,rotated,45,0,flat,A,0.2341635,0.9540735,0.4185048,trackerholderobject_movement_T296.csv
reachWithPlane_A/001/S001,reachWithPlane_A,001,1,297,18,7,1250.245,1251.723,95,rotated,45,0,flat,A,0.2341635,0.9540735,0.4185048,trackerholderobject_movement_T297.csv
reachWithPlane_A/001/S001,reachWithPlane_A,001,1,298,18,8,1252.446,1254.446,85,rotated,45,0,flat,A,0.2341635,0.9540735,0.4185048,trackerholderobject_movement_T298.csv
reachWithPlane_A/001/S001,reachWithPlane_A,001,1,299,18,9,1255.501,1258.69,95,rotated,45,0,flat,A,0.2341635,0.9540735,0.4185048,trackerholderobject_movement_T299.csv
reachWithPlane_A/001/S001,reachWithPlane_A,001,1,300,18,10,1259.368,1260.623,85,rotated,45,0,flat,A,0.2341635,0.9540735,0.4185048,trackerholderobject_movement_T300.csv
reachWithPlane_A/001/S001,reachWithPlane_A,001,1,301,18,11,1261.246,1261.901,85,rotated,45,0,flat,A,0.2341635,0.9540735,0.4185048,trackerholderobject_movement_T301.csv
reachWithPlane_A/001/S001,reachWithPlane_A,001,1,302,18,12,1262.546,1263.602,95,rotated,45,0,flat,A,0.2341635,0.9540735,0.4185048,trackerholderobject_movement_T302.csv
reachWithPlane_A/001/S001,reachWithPlane_A,001,1,303,18,13,1264.224,1265.468,85,rotated,45,0,flat,A,0.2341635,0.9540735,0.4185048,trackerholderobject_movement_T303.csv
reachWithPlane_A/001/S001,reachWithPlane_A,001,1,304,18,14,1266.19,1266.802,95,rotated,45,0,flat,A,0.2341635,0.9540735,0.4185048,trackerholderobject_movement_T304.csv
reachWithPlane_A/001/S001,reachWithPlane_A,001,1,305,19,1,1267.524,1267.946,140,nocursor,0,20,tilt,A,0.2341635,0.9540735,0.4185048,trackerholderobject_movement_T305.csv
reachWithPlane_A/001/S001,reachWithPlane_A,001,1,306,19,2,1268.746,1269.124,100,nocursor,0,20,tilt,A,0.2341635,0.9540735,0.4185048,trackerholderobject_movement_T306.csv
reachWithPlane_A/001/S001,reachWithPlane_A,001,1,307,19,3,1269.868,1270.19,40,nocursor,0,20,tilt,A,0.2341635,0.9540735,0.4185048,trackerholderobject_movement_T307.csv
reachWithPlane_A/001/S001,reachWithPlane_A,001,1,308,19,4,1270.768,1271.101,80,nocursor,0,20,tilt,A,0.2341635,0.9540735,0.4185048,trackerholderobject_movement_T308.csv
reachWithPlane_A/001/S001,reachWithPlane_A,001,1,309,19,5,1272.001,1272.168,120,nocursor,0,20,tilt,A,0.2341635,0.9540735,0.4185048,trackerholderobject_movement_T309.csv
reachWithPlane_A/001/S001,reachWithPlane_A,001,1,310,19,6,1273.19,1273.29,60,nocursor,0,20,tilt,A,0.2341635,0.9540735,0.4185048,trackerholderobject_movement_T310.csv
reachWithPlane_A/001/S001,reachWithPlane_A,001,1,311,19,7,1274.046,1274.39,100,nocursor,0,20,tilt,A,0.2341635,0.9540735,0.4185048,trackerholderobject_movement_T311.csv
reachWithPlane_A/001/S001,reachWithPlane_A,001,1,312,19,8,1275.046,1275.446,40,nocursor,0,20,tilt,A,0.2341635,0.9540735,0.4185048,trackerholderobject_movement_T312.csv
reachWithPlane_A/001/S001,reachWithPlane_A,001,1,313,19,9,1276.29,1276.646,140,nocursor,0,20,tilt,A,0.2341635,0.9540735,0.4185048,trackerholderobject_movement_T313.csv
reachWithPlane_A/001/S001,reachWithPlane_A,001,1,314,19,10,1277.401,1277.801,120,nocursor,0,20,tilt,A,0.2341635,0.9540735,0.4185048,trackerholderobject_movement_T314.csv
reachWithPlane_A/001/S001,reachWithPlane_A,001,1,315,19,11,1278.546,1278.901,80,nocursor,0,20,tilt,A,0.2341635,0.9540735,0.4185048,trackerholderobject_movement_T315.csv
reachWithPlane_A/001/S001,reachWithPlane_A,001,1,316,19,12,1280.423,1280.801,60,nocursor,0,20,tilt,A,0.2341635,0.9540735,0.4185048,trackerholderobject_movement_T316.csv
